intercept,home_adv,elo_coef
-0.47199863716023044,0.238753031249759,-0.031735835763642486
