intercept,home_adv,elo_coef,rho_dc
-0.47199863716023044,0.238753031249759,-0.031735835763642486,-0.050478591238930476
