intercept,home_adv
-0.47191242537345485,0.23720379816028275
